date,open,high,low,close,volume,symbol
2024-09-19,14.21,14.62,14.08,14.61,5843300,UNG
2024-09-20,14.57,15.4,14.51,15.34,6978600,UNG
2024-09-23,15.57,16.1,15.53,16.09,8030500,UNG
2024-09-24,15.88,16.08,15.61,15.81,5523800,UNG
2024-09-25,16.02,16.09,15.71,15.85,5305700,UNG
2024-09-26,16.01,16.04,15.35,15.47,7273400,UNG
2024-09-27,15.89,16.45,15.84,16.37,9982000,UNG
2024-09-30,16.24,16.57,16.21,16.33,4395600,UNG
2024-10-01,16.25,16.53,16.05,16.37,6976800,UNG
2024-10-02,16.63,16.76,16.14,16.41,6496300,UNG
2024-10-03,16.64,16.8,16.48,16.68,5628900,UNG
2024-10-04,16.33,16.43,15.93,15.94,6119800,UNG
2024-10-07,15.66,15.67,15.22,15.38,5846800,UNG
2024-10-08,15.43,15.6,15.23,15.25,4643200,UNG
2024-10-09,15.18,15.32,14.82,14.86,5305500,UNG
2024-10-10,14.74,15.19,14.63,15.13,5696500,UNG
2024-10-11,14.97,15.03,14.72,14.8,3820200,UNG
2024-10-14,14.35,14.41,13.98,13.99,5819800,UNG
2024-10-15,14.22,14.36,13.99,14.01,4195200,UNG
2024-10-16,13.77,13.79,13.35,13.44,8522300,UNG
2024-10-17,13.55,13.65,13.27,13.31,5290700,UNG
2024-10-18,13.1,13.13,12.95,13.03,6993900,UNG
2024-10-21,13.12,13.28,13.09,13.25,6271600,UNG
2024-10-22,13.28,13.68,13.26,13.5,8757000,UNG
2024-10-23,13.51,13.97,13.4,13.82,7599900,UNG
2024-10-24,13.89,14.35,13.61,14.32,8660800,UNG
2024-10-25,14.1,14.54,14.02,14.45,6217900,UNG
2024-10-28,13.43,13.55,13.14,13.34,11750300,UNG
2024-10-29,13.44,13.55,13.24,13.41,6109200,UNG
2024-10-30,13.11,13.44,13.05,13.23,7399700,UNG
2024-10-31,12.97,13.07,12.61,12.71,12949400,UNG
2024-11-01,12.72,12.78,12.35,12.48,7922000,UNG
2024-11-04,12.58,13.11,12.53,13.06,10459400,UNG
2024-11-05,13.1,13.13,12.44,12.53,8676400,UNG
2024-11-06,12.79,13.12,12.68,12.87,7324700,UNG
2024-11-07,12.62,12.76,12.48,12.66,7981000,UNG
2024-11-08,12.75,12.89,12.41,12.53,6011500,UNG
2024-11-11,13.68,13.88,13.56,13.8,13101900,UNG
2024-11-12,13.66,14.14,13.43,13.66,9680400,UNG
2024-11-13,13.49,14.14,13.43,14.11,9264000,UNG
2024-11-14,13.79,13.9,13.12,13.15,8651400,UNG
2024-11-15,13.1,13.42,13.07,13.37,7318200,UNG
2024-11-18,13.48,13.82,13.48,13.75,8377100,UNG
2024-11-19,13.79,14.18,13.71,13.87,8884400,UNG
2024-11-20,14.35,14.82,14.24,14.75,13846300,UNG
2024-11-21,15.39,15.52,14.81,15.15,11904800,UNG
2024-11-22,14.29,14.42,14.07,14.31,14879000,UNG
2024-11-25,14.98,15.44,14.72,14.79,11781600,UNG
2024-11-26,15.01,15.27,14.67,15.08,10170100,UNG
2024-11-27,14.05,14.18,13.81,13.81,9147000,UNG
2024-11-29,14.35,14.65,14.24,14.43,4681700,UNG
2024-12-02,13.97,14.2,13.77,13.88,9656700,UNG
2024-12-03,13.6,13.6,13.13,13.21,9444000,UNG
2024-12-04,13.15,13.35,12.9,13.26,8384500,UNG
2024-12-05,13.42,13.66,13.2,13.32,6637600,UNG
2024-12-06,13.22,13.44,13.15,13.37,4222400,UNG
2024-12-09,13.76,13.96,13.59,13.77,6923600,UNG
2024-12-10,13.38,13.83,13.31,13.81,6877200,UNG
2024-12-11,14.28,14.74,14.28,14.56,10133100,UNG
2024-12-12,14.71,15.42,14.49,15.04,13176100,UNG
2024-12-13,14.57,14.6,14.16,14.23,7033000,UNG
2024-12-16,13.84,14.07,13.8,13.95,5668400,UNG
2024-12-17,13.62,14.48,13.41,14.46,7641100,UNG
2024-12-18,14.49,14.7,14.3,14.54,6517300,UNG
2024-12-19,14.85,15.44,14.79,15.4,9531300,UNG
2024-12-20,15.31,16.02,15.13,15.87,11632600,UNG
2024-12-23,15.67,15.73,15.24,15.63,7477600,UNG
2024-12-24,16.0,16.21,15.96,16.14,4116700,UNG
2024-12-26,15.34,15.42,15.09,15.37,10900000,UNG
2024-12-27,15.74,15.89,15.29,15.76,11302800,UNG
2024-12-30,18.63,19.48,17.69,18.03,30104400,UNG
2024-12-31,17.15,17.5,16.6,16.81,15119400,UNG
2025-01-02,17.23,17.62,16.86,17.01,14092900,UNG
2025-01-03,16.18,16.25,15.46,15.59,16484500,UNG
2025-01-06,17.01,17.26,16.5,17.16,16600100,UNG
2025-01-07,16.62,16.72,15.92,15.99,16343200,UNG
2025-01-08,16.6,17.14,16.48,17.11,13468200,UNG
2025-01-10,18.26,18.64,18.0,18.42,14921800,UNG
2025-01-13,18.47,18.75,17.86,18.22,14321700,UNG
2025-01-14,17.73,18.83,17.72,18.47,12135900,UNG
2025-01-15,18.73,19.18,18.42,19.12,13993100,UNG
2025-01-16,19.09,20.03,18.68,19.94,16418300,UNG
2025-01-17,18.5,18.92,18.28,18.34,9260500,UNG
2025-01-21,17.99,18.09,17.58,17.73,9103500,UNG
2025-01-22,17.86,18.6,17.79,18.54,7320700,UNG
2025-01-23,18.73,18.9,17.98,18.25,10105600,UNG
2025-01-24,17.85,18.31,17.64,18.12,6331600,UNG
2025-01-27,17.22,17.26,16.77,17.15,7871600,UNG
2025-01-28,16.59,16.85,16.28,16.29,7570400,UNG
2025-01-29,16.71,16.86,16.35,16.76,5628500,UNG
2025-01-30,16.49,16.7,16.02,16.14,7689100,UNG
2025-01-31,15.97,16.25,15.86,16.19,5323600,UNG
2025-02-03,17.44,17.98,17.38,17.64,9247600,UNG
2025-02-04,16.73,17.51,16.73,17.07,5692400,UNG
2025-02-05,16.94,17.82,16.93,17.8,5663600,UNG
2025-02-06,17.49,18.12,17.44,17.89,7056300,UNG
2025-02-07,17.77,17.95,17.41,17.48,5877500,UNG
2025-02-10,17.82,18.41,17.71,18.21,7146500,UNG
2025-02-11,18.68,18.89,18.5,18.58,6507800,UNG
2025-02-12,18.76,18.92,18.43,18.79,4685600,UNG
2025-02-13,19.54,19.94,19.0,19.15,8334700,UNG
2025-02-14,19.61,20.0,19.57,19.65,4215300,UNG
2025-02-18,19.62,21.09,19.49,20.95,8789900,UNG
2025-02-19,21.73,22.73,21.71,22.61,25414200,UNG
2025-02-20,21.72,21.81,21.2,21.73,8367300,UNG
2025-02-21,22.39,22.84,21.84,22.09,12326600,UNG
2025-02-24,21.04,21.3,20.84,21.24,5871300,UNG
2025-02-25,21.32,21.94,21.14,21.75,5375400,UNG
2025-02-26,21.39,21.4,20.92,21.15,5491700,UNG
2025-02-27,21.24,21.56,20.83,20.86,6753600,UNG
2025-02-28,20.62,20.77,20.31,20.34,6454800,UNG
2025-03-03,20.69,22.13,20.6,21.95,10418300,UNG
2025-03-04,23.24,24.15,22.84,23.11,12699200,UNG
2025-03-05,22.71,23.76,22.67,23.62,8157700,UNG
2025-03-06,23.24,23.24,22.58,22.77,10394500,UNG
2025-03-07,22.2,23.48,22.13,23.19,12469700,UNG
2025-03-10,23.87,24.33,23.62,23.83,8932200,UNG
2025-03-11,24.08,24.09,23.21,23.28,7130400,UNG
2025-03-12,22.31,22.43,21.62,21.65,5596800,UNG
2025-03-13,21.1,22.26,21.04,21.43,6906000,UNG
2025-03-14,21.15,21.96,21.04,21.79,3893500,UNG
2025-03-17,21.42,21.75,21.13,21.22,4523300,UNG
2025-03-18,21.65,21.86,21.39,21.41,4571000,UNG
2025-03-19,22.04,22.58,21.83,22.35,5751900,UNG
2025-03-20,21.9,22.02,21.06,21.17,6852300,UNG
2025-03-21,21.2,21.36,20.81,20.84,5283700,UNG
2025-03-24,21.07,21.18,20.61,20.66,5504900,UNG
2025-03-25,20.8,20.8,20.01,20.33,5849800,UNG
2025-03-26,20.41,20.67,20.12,20.14,5044000,UNG
2025-03-27,20.18,20.68,19.91,20.41,6161900,UNG
2025-03-28,20.49,21.35,20.14,21.33,6055100,UNG
2025-03-31,22.12,22.12,21.21,21.61,6853300,UNG
2025-04-01,21.12,21.23,20.57,20.7,5514300,UNG
2025-04-02,21.07,21.37,20.94,21.05,3661000,UNG
2025-04-03,21.81,21.98,21.38,21.57,4852000,UNG
2025-04-04,20.17,20.7,19.93,20.04,6319300,UNG
2025-04-07,20.09,20.55,18.84,19.07,8673300,UNG
2025-04-08,19.59,19.78,18.11,18.28,7163200,UNG
2025-04-09,18.22,20.02,17.65,19.62,13737400,UNG
2025-04-10,19.14,19.36,18.15,18.47,9175400,UNG
2025-04-11,18.0,18.7,17.98,18.63,8203300,UNG
2025-04-14,18.79,18.83,17.34,17.51,5991400,UNG
2025-04-15,17.15,17.54,16.98,17.36,4816400,UNG
2025-04-16,17.01,17.32,16.82,17.03,4598500,UNG
2025-04-17,17.01,17.5,16.99,17.03,5057900,UNG
2025-04-21,16.6,16.65,15.79,16.02,6147600,UNG
2025-04-22,16.0,16.01,15.49,15.78,8225500,UNG
2025-04-23,15.82,16.09,15.63,15.73,8165700,UNG
2025-04-24,15.34,15.54,15.04,15.5,6700700,UNG
2025-04-25,15.3,15.87,15.28,15.7,5924200,UNG
2025-04-28,15.92,16.84,15.88,16.62,10958400,UNG
2025-04-29,16.86,17.06,16.59,16.88,7810900,UNG
2025-04-30,16.58,16.87,16.33,16.74,8942000,UNG
2025-05-01,16.98,17.71,16.74,17.32,12380800,UNG
2025-05-02,17.83,18.39,17.66,18.32,6073600,UNG
2025-05-05,18.25,18.45,17.68,17.98,6812600,UNG
2025-05-06,17.99,18.27,17.15,17.37,10142700,UNG
2025-05-07,18.08,18.3,17.86,18.17,5301000,UNG
2025-05-08,18.19,18.39,17.68,18.07,6664100,UNG
2025-05-09,18.71,19.11,18.71,18.98,5945900,UNG
2025-05-12,18.38,18.45,18.08,18.35,4895200,UNG
2025-05-13,18.52,18.54,17.89,18.19,5938700,UNG
2025-05-14,17.64,17.84,17.37,17.4,5132700,UNG
2025-05-15,17.39,17.51,16.78,16.8,6212200,UNG
2025-05-16,17.04,17.27,16.64,16.71,4364100,UNG
2025-05-19,16.02,16.09,15.62,15.65,8609600,UNG
2025-05-20,16.32,17.22,16.3,16.99,7823000,UNG
2025-05-21,17.04,17.19,16.82,16.92,6372500,UNG
2025-05-22,16.63,16.82,16.39,16.65,5650100,UNG
2025-05-23,16.7,16.95,16.63,16.83,6403900,UNG
2025-05-27,16.66,17.15,16.62,17.07,6089700,UNG
2025-05-28,16.83,16.83,16.13,16.15,8838600,UNG
2025-05-29,16.14,16.18,15.61,15.99,8699000,UNG
2025-05-30,16.04,16.05,15.63,15.71,6572800,UNG
2025-06-02,16.87,16.9,16.67,16.87,7573800,UNG
2025-06-03,16.56,17.11,16.56,16.96,6070900,UNG
2025-06-04,16.69,16.99,16.68,16.91,3854900,UNG
2025-06-05,16.99,17.07,16.46,16.7,6843200,UNG
2025-06-06,16.84,17.34,16.72,17.18,5596600,UNG
2025-06-09,16.44,16.77,16.27,16.56,7169100,UNG
2025-06-10,16.41,16.41,15.98,16.06,5250300,UNG
2025-06-11,16.34,16.42,15.7,15.95,7700500,UNG
2025-06-12,16.42,16.45,15.76,16.07,6750300,UNG
2025-06-13,16.04,16.4,16.03,16.36,5568700,UNG
2025-06-16,16.8,17.06,16.51,16.98,5656000,UNG
2025-06-17,17.37,17.6,17.2,17.58,5443000,UNG
2025-06-18,17.96,18.12,17.83,18.08,6006700,UNG
2025-06-20,18.07,18.07,17.35,17.66,6748700,UNG
2025-06-23,17.05,17.16,16.77,16.84,7132700,UNG
2025-06-24,16.46,16.62,16.16,16.25,5854100,UNG
2025-06-25,16.06,16.18,15.74,15.85,7409400,UNG
2025-06-26,15.65,15.68,15.08,15.66,10473200,UNG
2025-06-27,16.06,16.6,16.01,16.54,6858600,UNG
2025-06-30,15.61,15.74,15.17,15.28,10495700,UNG
2025-07-01,14.95,15.22,14.6,15.11,7679900,UNG
2025-07-02,15.34,15.59,15.31,15.42,4987000,UNG
2025-07-03,15.59,15.83,15.1,15.25,5903200,UNG
2025-07-07,14.94,15.39,14.86,15.11,5914200,UNG
2025-07-08,14.86,15.04,14.75,14.83,5132000,UNG
2025-07-09,14.27,14.29,13.97,14.2,10515100,UNG
2025-07-10,14.58,14.9,14.47,14.75,6976600,UNG
2025-07-11,14.99,15.15,14.6,14.92,4630900,UNG
2025-07-14,15.26,15.51,15.18,15.29,4755800,UNG
2025-07-15,15.35,15.71,15.15,15.54,5882200,UNG
2025-07-16,15.83,15.95,15.49,15.8,4815500,UNG
2025-07-17,15.96,16.0,15.62,15.7,9792500,UNG
2025-07-18,15.94,16.01,15.5,15.85,5907600,UNG
2025-07-21,15.0,15.05,14.59,14.68,9926200,UNG
2025-07-22,14.39,14.53,14.32,14.47,14426000,UNG
2025-07-23,13.99,14.02,13.67,13.71,16970800,UNG
2025-07-24,14.0,14.1,13.7,13.86,19512100,UNG
2025-07-25,13.89,14.07,13.79,13.83,11393900,UNG
2025-07-28,13.87,13.92,13.46,13.67,13369500,UNG
2025-07-29,13.83,14.02,13.7,13.91,6434300,UNG
2025-07-30,13.35,13.48,13.26,13.35,9391300,UNG
2025-07-31,13.19,13.69,13.08,13.59,9965300,UNG
2025-08-01,13.58,13.73,13.42,13.62,4111500,UNG
2025-08-04,13.24,13.31,12.75,12.96,11741000,UNG
2025-08-05,13.08,13.38,13.05,13.19,6377600,UNG
2025-08-06,13.42,13.6,13.3,13.54,5812400,UNG
2025-08-07,13.48,13.85,13.35,13.53,6555300,UNG
2025-08-08,13.38,13.45,13.03,13.2,5272600,UNG
2025-08-11,13.15,13.17,12.88,13.07,5634600,UNG
2025-08-12,12.64,12.68,12.22,12.28,15996000,UNG
2025-08-13,12.45,12.55,12.29,12.4,10040600,UNG
2025-08-14,12.36,12.53,12.24,12.51,9931100,UNG
2025-08-15,12.85,13.03,12.78,12.83,6292600,UNG
2025-08-18,12.59,12.85,12.55,12.72,6028500,UNG
2025-08-19,12.28,12.28,12.02,12.16,12848700,UNG
2025-08-20,12.15,12.17,12.0,12.13,7808300,UNG
2025-08-21,12.24,12.45,12.19,12.4,7945600,UNG
2025-08-22,12.18,12.2,11.84,11.91,11972100,UNG
2025-08-25,11.75,12.01,11.73,11.95,9579400,UNG
2025-08-26,11.9,11.98,11.72,11.97,8306100,UNG
2025-08-27,12.29,12.38,12.09,12.19,8508900,UNG
2025-08-28,12.25,12.74,12.14,12.57,11814000,UNG
2025-08-29,12.65,12.85,12.43,12.83,10891300,UNG
2025-09-02,12.45,12.82,12.3,12.78,12009900,UNG
2025-09-03,13.14,13.21,12.92,13.06,9138500,UNG
2025-09-04,13.16,13.31,12.86,13.1,8296000,UNG
2025-09-05,13.22,13.25,12.89,12.94,8096400,UNG
2025-09-08,13.41,13.46,13.09,13.16,8776000,UNG
2025-09-09,13.28,13.35,12.96,13.26,8336300,UNG
2025-09-10,12.94,13.06,12.83,12.88,5923300,UNG
2025-09-11,12.79,12.93,12.39,12.42,8531900,UNG
2025-09-12,12.72,12.77,12.49,12.51,5782200,UNG
2025-09-15,12.62,12.95,12.6,12.91,7179400,UNG
2025-09-16,13.02,13.28,12.96,13.22,7302500,UNG
2025-09-17,13.35,13.43,13.08,13.1,6572900,UNG
2025-09-18,13.0,13.03,12.65,12.67,9211000,UNG
2025-09-19,12.51,12.67,12.48,12.57,7616800,UNG
2025-09-22,12.49,12.51,12.14,12.15,8917200,UNG
2025-09-23,12.08,12.37,12.06,12.36,5679500,UNG
2025-09-24,12.25,12.51,12.24,12.36,6307100,UNG
2025-09-25,12.7,12.8,12.41,12.59,13007000,UNG
2025-09-26,12.39,12.62,12.26,12.47,8745700,UNG
2025-09-29,12.5,12.95,12.49,12.82,10866800,UNG
2025-09-30,13.02,13.11,12.9,13.07,8161700,UNG
2025-10-01,13.16,13.71,13.04,13.62,12776300,UNG
2025-10-02,13.67,14.07,13.41,13.45,12824100,UNG
2025-10-03,13.37,13.43,13.0,13.05,12367000,UNG
2025-10-06,13.36,13.44,13.13,13.3,11112100,UNG
2025-10-07,13.52,13.84,13.47,13.78,13272100,UNG
2025-10-08,13.53,13.53,13.04,13.1,12162800,UNG
2025-10-09,13.23,13.24,12.73,12.74,12023300,UNG
2025-10-10,12.46,12.57,12.15,12.33,14857800,UNG
2025-10-13,12.02,12.3,11.93,12.18,15572900,UNG
2025-10-14,11.97,12.11,11.81,11.95,12624900,UNG
2025-10-15,11.91,11.96,11.69,11.88,13214000,UNG
2025-10-16,11.82,12.05,11.55,11.58,17492300,UNG
2025-10-17,11.62,11.96,11.59,11.87,12810000,UNG
2025-10-20,12.57,13.04,12.55,12.93,20825600,UNG
2025-10-21,12.91,13.2,12.84,13.15,22141600,UNG
2025-10-22,13.19,13.23,12.94,13.06,13743000,UNG
2025-10-23,12.99,13.22,12.89,12.93,13259000,UNG
2025-10-24,12.94,13.08,12.61,12.97,11876000,UNG
2025-10-27,12.85,13.08,12.79,12.89,11835000,UNG
2025-10-28,12.45,12.52,12.34,12.34,12228200,UNG
2025-10-29,12.2,12.45,12.18,12.21,11310400,UNG
2025-10-30,12.51,12.84,12.4,12.82,14142500,UNG
2025-10-31,13.18,13.35,12.94,13.25,16695300,UNG
2025-11-03,13.36,13.83,13.25,13.76,15043600,UNG
2025-11-04,13.66,14.17,13.56,13.93,16230700,UNG
2025-11-05,13.82,14.03,13.57,13.63,12499400,UNG
2025-11-06,13.84,14.25,13.52,14.17,19299500,UNG
2025-11-07,13.98,14.17,13.8,13.95,13785700,UNG
2025-11-10,13.88,14.13,13.75,14.1,11114700,UNG
2025-11-11,14.18,14.77,14.18,14.56,14448900,UNG
2025-11-12,14.62,14.77,14.42,14.65,10600500,UNG
2025-11-13,14.71,15.09,14.61,14.81,13225600,UNG
2025-11-14,14.49,14.78,14.1,14.56,12716500,UNG
2025-11-17,14.5,14.65,14.07,14.12,10568100,UNG
2025-11-18,14.03,14.27,13.79,14.22,11539700,UNG
2025-11-19,14.65,14.85,14.56,14.7,8212000,UNG
2025-11-20,14.47,14.83,14.37,14.42,9230300,UNG
2025-11-21,14.5,14.84,14.47,14.65,11438100,UNG
2025-11-24,14.31,14.5,14.25,14.41,7753700,UNG
2025-11-25,13.65,13.99,13.59,13.83,10551100,UNG
2025-11-26,14.17,14.37,14.06,14.25,10074700,UNG
2025-11-28,14.62,14.87,14.57,14.73,6018500,UNG
2025-12-01,15.02,15.31,14.8,15.21,12186500,UNG
2025-12-02,15.24,15.32,14.87,14.96,10157400,UNG
2025-12-03,15.33,15.58,15.3,15.47,11076800,UNG
2025-12-04,15.29,15.74,15.08,15.66,12809700,UNG
2025-12-05,16.37,17.0,16.3,16.37,24469400,UNG
2025-12-08,15.49,15.6,15.05,15.07,18518300,UNG
2025-12-09,14.6,14.86,14.08,14.1,18381500,UNG
2025-12-10,14.3,14.53,14.06,14.26,15030700,UNG
2025-12-11,13.5,13.59,12.99,13.08,26227900,UNG
2025-12-12,12.72,12.92,12.58,12.73,18834700,UNG
2025-12-15,12.57,12.65,12.37,12.46,16102700,UNG
2025-12-16,12.03,12.25,11.92,12.1,18039800,UNG
2025-12-17,12.41,12.69,12.32,12.64,12317500,UNG
2025-12-18,12.69,12.78,11.97,12.03,15884200,UNG
2025-12-19,12.08,12.23,11.97,12.19,12523800,UNG
2025-12-22,11.75,11.89,11.48,11.85,24677600,UNG
2025-12-23,12.15,12.93,12.03,12.9,24265300,UNG
2025-12-24,12.48,12.65,12.33,12.39,10352500,UNG
2025-12-26,12.85,13.01,12.68,12.81,18068000,UNG
2025-12-29,12.99,13.33,12.88,13.05,20827700,UNG
2025-12-30,13.67,13.68,13.01,13.12,28028600,UNG
2025-12-31,12.59,12.64,12.18,12.26,19900800,UNG
2026-01-02,11.88,12.26,11.8,12.06,16673900,UNG
2026-01-05,11.24,11.68,11.2,11.63,27807100,UNG
2026-01-06,11.25,11.32,11.01,11.28,27092900,UNG
2026-01-07,11.54,11.88,11.46,11.78,15261900,UNG
2026-01-08,11.48,11.48,11.11,11.27,25829900,UNG
2026-01-09,11.05,11.12,10.38,10.4,41104700,UNG
2026-01-12,10.68,11.35,10.6,11.18,27909800,UNG
2026-01-13,11.14,11.42,10.97,11.32,16766700,UNG
2026-01-14,10.57,10.57,10.17,10.24,36804800,UNG
2026-01-15,10.2,10.4,9.95,10.3,23765300,UNG
2026-01-16,10.23,10.37,10.07,10.33,14915800,UNG
2026-01-20,12.32,12.54,11.97,12.37,50395600,UNG
2026-01-21,13.62,13.74,13.03,13.64,54623300,UNG
2026-01-22,14.22,14.37,13.38,13.43,51397600,UNG
2026-01-23,14.16,14.17,13.7,13.97,26751600,UNG
2026-01-26,14.26,15.19,14.15,14.83,46425300,UNG
2026-01-27,14.42,15.17,14.19,14.7,31400300,UNG
2026-01-28,14.46,15.11,14.3,14.53,32750400,UNG
2026-01-29,14.76,15.22,14.47,15.06,28675400,UNG
2026-01-30,15.84,17.03,15.67,16.9,35010600,UNG
2026-02-02,13.76,13.9,12.26,12.7,43704000,UNG
2026-02-03,12.7,13.16,12.66,12.98,13787300,UNG
2026-02-04,13.59,13.61,13.13,13.46,13198600,UNG
2026-02-05,13.54,13.68,12.92,13.52,17260000,UNG
2026-02-06,13.69,13.97,13.21,13.27,13699600,UNG
2026-02-09,12.2,12.5,12.11,12.17,11649900,UNG
2026-02-10,12.3,12.47,12.06,12.13,9268000,UNG
2026-02-11,12.06,12.42,12.02,12.32,10364100,UNG
2026-02-12,12.74,12.82,12.34,12.43,12603000,UNG
2026-02-13,12.23,12.61,12.23,12.44,8884700,UNG
2026-02-17,11.9,12.04,11.79,11.9,9544900,UNG
2026-02-18,11.78,11.9,11.54,11.87,9852700,UNG
2026-02-19,12.04,12.08,11.78,11.8,9977200,UNG
2026-02-20,11.88,12.37,11.81,12.01,10274000,UNG
2026-02-23,12.09,12.15,11.73,11.74,9403200,UNG
2026-02-24,11.6,11.7,11.38,11.46,7831800,UNG
2026-02-25,11.64,11.79,11.52,11.6,7762100,UNG
2026-02-26,11.3,11.42,11.17,11.38,10337400,UNG
2026-02-27,11.51,11.6,11.37,11.52,7457000,UNG
2026-03-02,11.93,12.04,11.72,12.0,17168300,UNG
2026-03-03,12.78,12.83,12.04,12.28,20735500,UNG
2026-03-04,11.85,11.95,11.64,11.78,12522600,UNG
2026-03-05,11.9,12.26,11.76,12.05,12980600,UNG
2026-03-06,12.53,13.19,12.4,12.75,26319100,UNG
2026-03-09,13.09,13.26,12.25,12.31,29248900,UNG
2026-03-10,12.19,12.38,11.92,12.27,14643100,UNG
2026-03-11,12.55,12.94,12.38,12.88,10224600,UNG
2026-03-12,13.04,13.13,12.67,13.04,14057900,UNG
2026-03-13,12.77,12.82,12.51,12.64,11989600,UNG
2026-03-16,12.51,12.61,12.05,12.21,10991300,UNG
2026-03-17,12.39,12.41,12.11,12.2,6352000,UNG
2026-03-18,12.19,12.79,12.09,12.67,14101500,UNG
2026-03-19,13.0,13.09,12.4,12.56,21405800,UNG
2026-03-20,12.25,12.5,12.21,12.39,10287300,UNG
2026-03-23,11.94,12.01,11.59,11.73,14397200,UNG
2026-03-24,11.84,11.9,11.66,11.73,6737300,UNG
2026-03-25,11.63,11.93,11.58,11.86,5642800,UNG
2026-03-26,11.89,12.1,11.79,11.84,8439200,UNG
2026-03-27,12.29,12.39,12.04,12.28,8514400,UNG
2026-03-30,11.69,11.77,11.57,11.68,9031100,UNG
2026-03-31,12.04,12.05,11.65,11.73,8115000,UNG
2026-04-01,11.55,11.57,11.31,11.42,7065600,UNG
2026-04-02,11.39,11.43,11.28,11.35,7923600,UNG
2026-04-06,11.59,11.6,11.36,11.37,4703400,UNG
2026-04-07,11.61,11.72,11.53,11.55,8146100,UNG
2026-04-08,11.1,11.24,10.97,11.08,10611700,UNG
2026-04-09,11.06,11.07,10.77,10.88,11520300,UNG
2026-04-10,10.81,10.9,10.7,10.77,6948100,UNG
2026-04-13,10.97,11.0,10.62,10.68,7345100,UNG
2026-04-14,10.73,10.75,10.4,10.56,8284300,UNG
2026-04-15,10.53,10.65,10.49,10.58,4993500,UNG
2026-04-16,10.61,10.79,10.6,10.78,4530200,UNG
2026-04-17,10.65,10.93,10.63,10.84,7532000,UNG
2026-04-20,10.87,11.0,10.79,10.85,7186200,UNG
2026-04-21,10.84,10.99,10.79,10.95,4804800,UNG
2026-04-22,11.07,11.16,10.94,10.95,5400300,UNG
2026-04-23,10.72,10.73,10.41,10.52,9074100,UNG
2026-04-24,10.34,10.36,10.18,10.31,11511200,UNG
2026-04-27,10.69,10.79,10.47,10.49,13640200,UNG
2026-04-28,10.4,10.54,10.28,10.33,18279100,UNG
2026-04-29,10.2,10.27,10.11,10.15,8683500,UNG
2026-04-30,10.16,10.72,10.15,10.6,19091200,UNG
2026-05-01,10.69,10.73,10.55,10.71,7259600,UNG
2026-05-04,10.86,11.08,10.84,10.95,12744500,UNG
2026-05-05,10.89,10.97,10.62,10.64,11185800,UNG
2026-05-06,10.46,10.51,10.35,10.45,11427200,UNG
2026-05-07,10.36,10.81,10.29,10.68,16306100,UNG
2026-05-08,10.87,10.92,10.52,10.57,8642300,UNG
2026-05-11,10.95,11.25,10.94,11.22,10225600,UNG
2026-05-12,10.99,11.01,10.78,10.91,7577200,UNG
2026-05-13,11.2,11.21,10.95,10.98,6926200,UNG
2026-05-14,10.82,11.21,10.76,11.16,10858000,UNG
2026-05-15,11.3,11.38,11.15,11.33,8907800,UNG
2026-05-18,11.45,11.61,11.36,11.54,8580900,UNG
2026-05-19,11.72,11.94,11.68,11.9,7342900,UNG
2026-05-20,11.69,11.78,11.37,11.49,8999400,UNG
2026-05-21,11.53,11.61,11.31,11.33,6415700,UNG
2026-05-22,11.13,11.2,10.9,10.94,9301800,UNG
2026-05-26,11.13,11.22,10.88,10.91,6268700,UNG
2026-05-27,11.09,11.41,11.09,11.18,9207800,UNG
2026-05-28,11.29,11.93,11.29,11.89,12138300,UNG
2026-05-29,12.15,12.22,11.87,11.93,12742200,UNG
2026-06-01,11.61,11.66,11.45,11.54,8716900,UNG
2026-06-02,11.34,11.52,11.33,11.47,5926300,UNG
2026-06-03,11.44,11.76,11.44,11.71,5708100,UNG
2026-06-04,11.99,12.23,11.97,12.12,8947700,UNG
2026-06-05,11.88,11.92,11.63,11.67,6443700,UNG
2026-06-08,11.4,11.44,11.23,11.37,4186100,UNG
2026-06-09,11.34,11.56,11.31,11.39,4161200,UNG
2026-06-10,11.65,11.72,11.5,11.54,6187700,UNG
2026-06-11,11.34,11.34,11.11,11.16,6887100,UNG
2026-06-12,11.18,11.38,11.16,11.35,5348500,UNG
2026-06-15,11.21,11.44,11.21,11.43,4717800,UNG
2026-06-16,11.46,11.83,11.44,11.76,5390700,UNG
2026-06-17,11.44,11.58,11.35,11.57,5383000,UNG
2026-06-18,11.41,11.82,11.41,11.74,6806800,UNG
2026-06-22,11.87,11.96,11.77,11.77,3662800,UNG
2026-06-23,11.58,11.67,11.41,11.5,5614800,UNG
2026-06-24,11.52,11.76,11.48,11.73,4699900,UNG
2026-06-25,11.94,11.98,11.58,11.75,6264600,UNG
2026-06-26,12.01,12.11,11.76,11.87,9248700,UNG
2026-06-29,11.52,11.55,11.38,11.43,5436900,UNG
2026-06-30,11.72,11.98,11.67,11.72,6091400,UNG
2026-07-01,11.65,11.72,11.51,11.52,3684900,UNG
2026-07-02,11.47,11.59,11.34,11.58,5114700,UNG
2026-07-06,11.52,11.72,11.46,11.71,3871000,UNG
2026-07-07,11.65,11.85,11.62,11.76,5501800,UNG
2026-07-08,11.84,11.85,11.54,11.6,5952400,UNG
2026-07-09,11.29,11.29,10.78,10.83,10983300,UNG
2026-07-10,10.57,10.62,10.35,10.6,8356400,UNG
2026-07-13,10.31,10.5,10.26,10.37,11573600,UNG
2026-07-14,10.41,10.55,10.32,10.52,5657700,UNG
2026-07-15,10.4,10.58,10.35,10.55,5971500,UNG
2026-07-16,10.59,10.69,10.18,10.42,11982800,UNG
2026-07-17,10.48,10.53,10.38,10.51,7122200,UNG
2026-07-20,10.38,10.38,10.23,10.29,7163200,UNG
2026-07-21,10.33,10.45,10.28,10.4,5293700,UNG
2026-07-22,10.46,10.65,10.45,10.6,5825300,UNG
2026-07-23,10.63,10.74,10.59,10.61,7649100,UNG
2026-07-24,10.81,10.82,10.49,10.55,7240200,UNG
2026-07-27,10.22,10.26,10.1,10.11,8718600,UNG
2026-07-28,10.03,10.03,9.75,9.8,15037900,UNG
2026-07-29,9.82,10.03,9.81,9.93,6439200,UNG
2026-07-30,9.89,10.11,9.82,10.01,10505900,UNG
2026-07-31,9.99,10.08,9.88,10.06,7111000,UNG
2026-08-03,10.11,10.14,10.0,10.11,6815200,UNG
2026-08-04,9.78,9.79,9.69,9.77,12619700,UNG
2026-08-05,9.76,9.83,9.7,9.74,7819400,UNG
2026-08-06,9.73,9.73,9.55,9.63,13407200,UNG
2026-08-07,9.78,9.81,9.68,9.74,8059800,UNG
2026-08-10,10.17,10.23,10.13,10.14,11466500,UNG
2026-08-11,10.18,10.22,10.02,10.07,7628100,UNG
2026-08-12,10.25,10.3,10.17,10.2,8935200,UNG
2026-08-13,10.01,10.12,9.89,9.97,11804500,UNG
2026-08-14,10.02,10.13,9.9,9.92,10851400,UNG
2026-08-17,9.77,9.85,9.72,9.83,8701400,UNG
2026-08-18,9.91,10.1,9.84,10.1,9057100,UNG
2026-08-19,10.29,10.33,10.0,10.01,11197300,UNG
2026-08-20,10.0,10.01,9.83,10.01,10541700,UNG
2026-08-21,10.07,10.13,9.99,9.99,7249800,UNG
2026-08-24,10.3,10.31,10.1,10.15,10193300,UNG
2026-08-25,9.92,10.24,9.88,10.23,11637100,UNG
2026-08-26,10.32,10.51,10.3,10.41,10839900,UNG
2026-08-27,10.55,10.73,10.41,10.43,10397300,UNG
2026-08-28,10.39,10.41,10.25,10.33,8629800,UNG
2026-08-31,10.42,10.59,10.34,10.54,9753000,UNG
2026-09-01,10.27,10.61,10.24,10.58,14734200,UNG
2026-09-02,10.57,10.76,10.53,10.75,12227000,UNG
2026-09-03,10.72,10.82,10.37,10.49,22245700,UNG
2026-09-04,10.65,10.72,10.54,10.56,16359600,UNG
2026-09-08,10.6,10.6,10.3,10.46,14247800,UNG
2026-09-09,10.27,10.39,10.07,10.09,14183800,UNG
2026-09-10,10.01,10.22,9.85,10.19,17270700,UNG
2026-09-11,10.09,10.23,10.08,10.17,11804200,UNG
2026-09-14,10.28,10.45,10.26,10.33,19520700,UNG
2026-09-15,10.56,10.59,10.4,10.54,23461900,UNG
2026-09-16,10.56,10.59,10.32,10.36,21101700,UNG
2026-09-17,10.3,10.58,10.29,10.33,25508400,UNG
2026-09-18,10.41,10.52,10.39,10.41,22799100,UNG
